City,Fuel Type Code,State_evchargers,EV Total Port Count (Beta),State_file1,Median Income (16 and over),State,Total Population
Abilene,ELEC,TX,23.0,Texas,35115.0,Texas,128149.0
Akron,ELEC,OH,80.0,Ohio,36969.0,Ohio,188498.0
Alameda,ELEC,CA,145.0,California,82773.0,California,76039.0
Albany,ELEC,OR,554.0,Georgia,26766.0,Georgia,67922.0
Albany,ELEC,OR,554.0,Georgia,26766.0,New York,100832.0
Albany,ELEC,OR,554.0,New York,39005.0,Georgia,67922.0
Albany,ELEC,OR,554.0,New York,39005.0,New York,100832.0
Albuquerque,ELEC,NM,189.0,New Mexico,41984.0,New Mexico,561006.0
Alexandria,ELEC,VA,266.0,Virginia,79029.0,Virginia,155525.0
Alhambra,ELEC,CA,104.0,California,51560.0,California,80264.0
Allen,ELEC,NE,29.0,Texas,66616.0,Texas,111548.0
Allentown,ELEC,PA,120.0,Pennsylvania,35493.0,Pennsylvania,125105.0
Alpharetta,ELEC,GA,183.0,Georgia,72557.0,Georgia,67276.0
Amarillo,ELEC,TX,52.0,Texas,40124.0,Texas,203477.0
Ames,ELEC,IA,29.0,Iowa,24227.0,Iowa,66950.0
Anaheim,ELEC,CA,605.0,California,40058.0,California,344462.0
Ankeny,ELEC,IA,12.0,Iowa,60388.0,Iowa,72219.0
Ann arbor,ELEC,MI,186.0,Michigan,40617.0,Michigan,119871.0
Antioch,ELEC,CA,55.0,California,49606.0,California,115268.0
Appleton,ELEC,WI,42.0,Wisconsin,45023.0,Wisconsin,75018.0
Arlington,ELEC,TX,645.0,Texas,38539.0,Texas,394573.0
Arvada,ELEC,CO,45.0,Colorado,62063.0,Colorado,121672.0
Asheville,ELEC,NC,172.0,North Carolina,42081.0,North Carolina,93782.0
Atlanta,ELEC,GA,1870.0,Georgia,62215.0,Georgia,499121.0
Auburn,ELEC,WA,246.0,Alabama,31442.0,Alabama,80009.0
Auburn,ELEC,WA,246.0,Alabama,31442.0,Washington,83976.0
Auburn,ELEC,WA,246.0,Washington,53913.0,Alabama,80009.0
Auburn,ELEC,WA,246.0,Washington,53913.0,Washington,83976.0
Aurora,ELEC,CO,329.0,Colorado,45260.0,Colorado,393319.0
Aurora,ELEC,CO,329.0,Colorado,45260.0,Illinois,182336.0
Aurora,ELEC,CO,329.0,Illinois,43780.0,Colorado,393319.0
Aurora,ELEC,CO,329.0,Illinois,43780.0,Illinois,182336.0
Austin,ELEC,TX,1460.0,Texas,56759.0,Texas,975335.0
Avondale,ELEC,AZ,37.0,Arizona,43231.0,Arizona,91618.0
Bakersfield,ELEC,CA,227.0,California,39683.0,California,410654.0
Baldwin park,ELEC,CA,58.0,California,32306.0,California,69450.0
Baltimore,ELEC,MD,921.0,Maryland,46458.0,Maryland,569931.0
Baton rouge,ELEC,LA,107.0,Louisiana,36469.0,Louisiana,221451.0
Baytown,ELEC,TX,42.0,Texas,39344.0,Texas,86203.0
Beaumont,ELEC,TX,88.0,Texas,36834.0,Texas,112090.0
Beaverton,ELEC,OR,276.0,Oregon,54056.0,Oregon,97064.0
Bellevue,ELEC,WA,633.0,Washington,98403.0,Washington,152765.0
Bellflower,ELEC,CA,43.0,California,40046.0,California,76405.0
Bellingham,ELEC,WA,108.0,Washington,36613.0,Washington,93899.0
Bend,ELEC,OR,113.0,Oregon,50197.0,Oregon,103263.0
Berkeley,ELEC,CA,183.0,California,60077.0,California,118942.0
Bethlehem,ELEC,PA,71.0,Pennsylvania,44730.0,Pennsylvania,78854.0
Billings,ELEC,MT,39.0,Montana,44831.0,Montana,119969.0
Birmingham,ELEC,AL,148.0,Alabama,34547.0,Alabama,196353.0
Bismarck,ELEC,ND,21.0,North Dakota,48620.0,North Dakota,74444.0
Blaine,ELEC,MN,33.0,Minnesota,55594.0,Minnesota,71738.0
Bloomington,ELEC,IL,219.0,Illinois,49912.0,Illinois,78874.0
Bloomington,ELEC,IL,219.0,Illinois,49912.0,Indiana,77358.0
Bloomington,ELEC,IL,219.0,Illinois,49912.0,Minnesota,87799.0
Bloomington,ELEC,IL,219.0,Indiana,30234.0,Illinois,78874.0
Bloomington,ELEC,IL,219.0,Indiana,30234.0,Indiana,77358.0
Bloomington,ELEC,IL,219.0,Indiana,30234.0,Minnesota,87799.0
Bloomington,ELEC,IL,219.0,Minnesota,52359.0,Illinois,78874.0
Bloomington,ELEC,IL,219.0,Minnesota,52359.0,Indiana,77358.0
Bloomington,ELEC,IL,219.0,Minnesota,52359.0,Minnesota,87799.0
Boca raton,ELEC,FL,247.0,Florida,54672.0,Florida,98997.0
Boise,ELEC,ID,165.0,Idaho,45196.0,Idaho,236632.0
Boston,ELEC,MA,1114.0,Massachusetts,60102.0,Massachusetts,649768.0
Boulder,ELEC,CO,442.0,Colorado,41897.0,Colorado,105482.0
Bowling green,ELEC,OH,60.0,Kentucky,30511.0,Kentucky,74929.0
Boynton beach,ELEC,FL,55.0,Florida,43413.0,Florida,80866.0
Brentwood,ELEC,MO,165.0,California,70273.0,California,66120.0
Bridgeport,ELEC,CT,55.0,Connecticut,38156.0,Connecticut,148365.0
Brockton,ELEC,MA,45.0,Massachusetts,45326.0,Massachusetts,104833.0
Broken arrow,ELEC,OK,42.0,Oklahoma,47907.0,Oklahoma,120448.0
Brooklyn park,ELEC,MN,32.0,Minnesota,48936.0,Minnesota,83319.0
Broomfield,ELEC,CO,132.0,Colorado,67484.0,Colorado,76121.0
Brownsville,ELEC,TX,25.0,Texas,30131.0,Texas,189381.0
Bryan,ELEC,TX,18.0,Texas,39054.0,Texas,87793.0
Buckeye,ELEC,AZ,20.0,Arizona,55286.0,Arizona,105567.0
Buena park,ELEC,CA,64.0,California,47588.0,California,82451.0
Buffalo,ELEC,NY,386.0,New York,36716.0,New York,276491.0
Burbank,ELEC,CA,262.0,California,53313.0,California,103919.0
Caldwell,ELEC,ID,8.0,Idaho,35584.0,Idaho,65925.0
Camarillo,ELEC,CA,94.0,California,60005.0,California,70287.0
Cambridge,ELEC,MA,556.0,Massachusetts,64493.0,Massachusetts,118489.0
Camden,ELEC,ME,31.0,New Jersey,29396.0,New Jersey,70998.0
Canton,ELEC,CT,123.0,Ohio,31975.0,Ohio,69666.0
Cape coral,ELEC,FL,15.0,Florida,41776.0,Florida,216984.0
Carlsbad,ELEC,CA,183.0,California,87441.0,California,114161.0
Carmel,ELEC,IN,59.0,Indiana,71096.0,Indiana,101286.0
Carrollton,ELEC,GA,30.0,Texas,53554.0,Texas,133240.0
Carson,ELEC,CA,74.0,California,46590.0,California,92391.0
Cedar park,ELEC,TX,77.0,Texas,68693.0,Texas,80212.0
Cedar rapids,ELEC,IA,51.0,Iowa,41051.0,Iowa,136438.0
Centennial,ELEC,CO,68.0,Colorado,71211.0,Colorado,105860.0
Champaign,ELEC,IL,82.0,Illinois,38926.0,Illinois,89245.0
Chandler,ELEC,AZ,204.0,Arizona,54648.0,Arizona,280684.0
Charleston,ELEC,SC,130.0,South Carolina,51854.0,South Carolina,153743.0
Charlotte,ELEC,NC,778.0,North Carolina,49521.0,North Carolina,897720.0
Chattanooga,ELEC,TN,190.0,Tennessee,42930.0,Tennessee,184071.0
Chesapeake,ELEC,VA,40.0,Virginia,50160.0,Virginia,252488.0
Cheyenne,ELEC,WY,20.0,Wyoming,46600.0,Wyoming,64623.0
Chicago,ELEC,IL,887.0,Illinois,50723.0,Illinois,2665064.0
Chico,ELEC,CA,104.0,California,35142.0,California,101304.0
Chino,ELEC,CA,11.0,California,50265.0,California,93149.0
Chino hills,ELEC,CA,35.0,California,52654.0,California,77923.0
Chula vista,ELEC,CA,172.0,California,47722.0,California,279158.0
Cincinnati,ELEC,OH,357.0,Ohio,39890.0,Ohio,309536.0
Citrus heights,ELEC,CA,20.0,California,45035.0,California,86440.0
Clarksville,ELEC,TN,56.0,Tennessee,38614.0,Tennessee,176977.0
Clearwater,ELEC,FL,100.0,Florida,38138.0,Florida,117010.0
Cleveland,ELEC,OH,184.0,Ohio,35824.0,Ohio,361654.0
Clifton,ELEC,NJ,36.0,New Jersey,51554.0,New Jersey,88722.0
Clovis,ELEC,CA,141.0,California,54360.0,California,124546.0
College station,ELEC,TX,40.0,Texas,30470.0,Texas,124326.0
Colorado springs,ELEC,CO,211.0,Colorado,44548.0,Colorado,486228.0
Columbia,ELEC,SC,472.0,Missouri,40039.0,Missouri,128545.0
Columbia,ELEC,SC,472.0,Missouri,40039.0,South Carolina,139343.0
Columbia,ELEC,SC,472.0,South Carolina,37286.0,Missouri,128545.0
Columbia,ELEC,SC,472.0,South Carolina,37286.0,South Carolina,139343.0
Columbus,ELEC,OH,746.0,Georgia,36260.0,Georgia,202616.0
Columbus,ELEC,OH,746.0,Georgia,36260.0,Ohio,908372.0
Columbus,ELEC,OH,746.0,Ohio,42586.0,Georgia,202616.0
Columbus,ELEC,OH,746.0,Ohio,42586.0,Ohio,908372.0
Commerce,ELEC,CA,121.0,Colorado,51531.0,Colorado,66116.0
Compton,ELEC,CA,18.0,California,34924.0,California,91979.0
Concord,ELEC,CA,188.0,California,50378.0,California,122616.0
Concord,ELEC,CA,188.0,California,50378.0,North Carolina,109898.0
Concord,ELEC,CA,188.0,North Carolina,46881.0,California,122616.0
Concord,ELEC,CA,188.0,North Carolina,46881.0,North Carolina,109898.0
Conroe,ELEC,TX,31.0,Texas,41196.0,Texas,101414.0
Conway,ELEC,AR,55.0,Arkansas,42353.0,Arkansas,67616.0
Coral springs,ELEC,FL,14.0,Florida,45770.0,Florida,133365.0
Corona,ELEC,CA,102.0,California,46293.0,California,159534.0
Corpus christi,ELEC,TX,61.0,Texas,40879.0,Texas,316228.0
Costa mesa,ELEC,CA,219.0,California,51052.0,California,109527.0
Cranston,ELEC,RI,30.0,Rhode Island,50506.0,Rhode Island,82432.0
Dallas,ELEC,TX,660.0,Texas,42397.0,Texas,1299553.0
Danbury,ELEC,CT,53.0,Connecticut,44274.0,Connecticut,86971.0
Davenport,ELEC,IA,68.0,Iowa,36198.0,Iowa,100491.0
Davis,ELEC,CA,201.0,California,35221.0,California,67057.0
Dayton,ELEC,OH,181.0,Ohio,35240.0,Ohio,135938.0
Daytona beach,ELEC,FL,118.0,Florida,35908.0,Florida,77957.0
Dearborn,ELEC,MI,37.0,Michigan,42130.0,Michigan,107712.0
Decatur,ELEC,AL,90.0,Illinois,40291.0,Illinois,70396.0
Deerfield beach,ELEC,FL,45.0,Florida,38668.0,Florida,86781.0
Delray beach,ELEC,FL,77.0,Florida,43772.0,Florida,67035.0
Deltona,ELEC,FL,12.0,Florida,40723.0,Florida,97285.0
Denton,ELEC,TX,76.0,Texas,35175.0,Texas,150357.0
Denver,ELEC,CO,1079.0,Colorado,59690.0,Colorado,713252.0
Des moines,ELEC,IA,85.0,Iowa,42069.0,Iowa,210936.0
Detroit,ELEC,MI,349.0,Michigan,31741.0,Michigan,620410.0
Doral,ELEC,FL,76.0,Florida,43613.0,Florida,76999.0
Dothan,ELEC,AL,24.0,Alabama,37493.0,Alabama,70524.0
Downey,ELEC,CA,233.0,California,42738.0,California,109908.0
Dublin,ELEC,CA,215.0,California,112352.0,California,72061.0
Duluth,ELEC,GA,126.0,Minnesota,40118.0,Minnesota,86615.0
Durham,ELEC,NC,227.0,North Carolina,49743.0,North Carolina,291844.0
Eagan,ELEC,MN,47.0,Minnesota,59704.0,Minnesota,67526.0
East orange,ELEC,NJ,2.0,New Jersey,34872.0,New Jersey,68445.0
Eastvale,ELEC,CA,16.0,California,66578.0,California,71015.0
Eau claire,ELEC,WI,45.0,Wisconsin,34124.0,Wisconsin,69073.0
Edinburg,ELEC,TX,4.0,Texas,34767.0,Texas,104302.0
Edmond,ELEC,OK,69.0,Oklahoma,52634.0,Oklahoma,96304.0
El cajon,ELEC,CA,116.0,California,40280.0,California,104417.0
El monte,ELEC,CA,70.0,California,32326.0,California,105307.0
El paso,ELEC,TX,90.0,Texas,32968.0,Texas,677469.0
Elgin,ELEC,IL,57.0,Illinois,42150.0,Illinois,109634.0
Elizabeth,ELEC,NJ,60.0,New Jersey,39177.0,New Jersey,134274.0
Elk grove,ELEC,CA,172.0,California,52617.0,California,177558.0
Erie,ELEC,PA,95.0,Pennsylvania,32265.0,Pennsylvania,93517.0
Escondido,ELEC,CA,82.0,California,42889.0,California,150258.0
Eugene,ELEC,OR,139.0,Oregon,37932.0,Oregon,177930.0
Evanston,ELEC,IL,70.0,Illinois,60008.0,Illinois,75538.0
Evansville,ELEC,IN,40.0,Indiana,35710.0,Indiana,118521.0
Everett,ELEC,WA,112.0,Washington,50905.0,Washington,111348.0
Fairfield,ELEC,CA,357.0,California,53969.0,California,119333.0
Fall river,ELEC,MA,72.0,Massachusetts,41826.0,Massachusetts,93689.0
Fargo,ELEC,ND,36.0,North Dakota,41118.0,North Dakota,133879.0
Farmington hills,ELEC,MI,42.0,Michigan,65984.0,Michigan,82738.0
Fayetteville,ELEC,NC,170.0,Arkansas,37445.0,Arkansas,99288.0
Fayetteville,ELEC,NC,170.0,Arkansas,37445.0,North Carolina,208888.0
Fayetteville,ELEC,NC,170.0,North Carolina,35658.0,Arkansas,99288.0
Fayetteville,ELEC,NC,170.0,North Carolina,35658.0,North Carolina,208888.0
Federal way,ELEC,WA,34.0,Washington,44531.0,Washington,97863.0
Fishers,ELEC,IN,32.0,Indiana,70877.0,Indiana,102152.0
Flagstaff,ELEC,AZ,157.0,Arizona,31979.0,Arizona,75902.0
Flint,ELEC,MI,17.0,Michigan,27587.0,Michigan,79865.0
Folsom,ELEC,CA,131.0,California,76422.0,California,83273.0
Fontana,ELEC,CA,78.0,California,41598.0,California,212448.0
Fort collins,ELEC,CO,186.0,Colorado,45232.0,Colorado,169248.0
Fort lauderdale,ELEC,FL,287.0,Florida,48679.0,Florida,183156.0
Fort myers,ELEC,FL,156.0,Florida,38132.0,Florida,95935.0
Fort smith,ELEC,AR,3.0,Arkansas,33362.0,Arkansas,89981.0
Fort wayne,ELEC,IN,133.0,Indiana,39779.0,Indiana,267436.0
Fort worth,ELEC,TX,375.0,Texas,45264.0,Texas,961160.0
Framingham,ELEC,MA,72.0,Massachusetts,58880.0,Massachusetts,70947.0
Franklin,ELEC,TN,130.0,Tennessee,64516.0,Tennessee,86904.0
Frederick,ELEC,MD,103.0,Maryland,61283.0,Maryland,82169.0
Fremont,ELEC,CA,392.0,California,97169.0,California,223859.0
Fresno,ELEC,CA,608.0,California,39338.0,California,545564.0
Frisco,ELEC,TX,178.0,Texas,75873.0,Texas,219571.0
Fullerton,ELEC,CA,209.0,California,52042.0,California,140552.0
Gainesville,ELEC,GA,143.0,Florida,30487.0,Florida,145212.0
Gaithersburg,ELEC,MD,110.0,Maryland,52584.0,Maryland,68952.0
Garden grove,ELEC,CA,28.0,California,38857.0,California,169265.0
Garland,ELEC,TX,52.0,Texas,39934.0,Texas,240667.0
Gary,ELEC,IN,3.0,Indiana,29934.0,Indiana,67742.0
Gastonia,ELEC,NC,43.0,North Carolina,40609.0,North Carolina,82666.0
Georgetown,ELEC,DE,77.0,Texas,54110.0,Texas,86505.0
Glendale,ELEC,CA,455.0,Arizona,40678.0,Arizona,252141.0
Glendale,ELEC,CA,455.0,Arizona,40678.0,California,189228.0
Glendale,ELEC,CA,455.0,California,51596.0,Arizona,252141.0
Glendale,ELEC,CA,455.0,California,51596.0,California,189228.0
Goodyear,ELEC,AZ,49.0,Arizona,54393.0,Arizona,105404.0
Grand junction,ELEC,CO,82.0,Colorado,37849.0,Colorado,68054.0
Grand prairie,ELEC,TX,38.0,Texas,41811.0,Texas,201791.0
Grand rapids,ELEC,MI,123.0,Michigan,43753.0,Michigan,196904.0
Greeley,ELEC,CO,33.0,Colorado,40196.0,Colorado,109203.0
Green bay,ELEC,WI,20.0,Wisconsin,40706.0,Wisconsin,106096.0
Greensboro,ELEC,NC,128.0,North Carolina,36327.0,North Carolina,301118.0
Greenville,ELEC,SC,229.0,North Carolina,37619.0,North Carolina,89222.0
Greenville,ELEC,SC,229.0,North Carolina,37619.0,South Carolina,72310.0
Greenville,ELEC,SC,229.0,South Carolina,43481.0,North Carolina,89222.0
Greenville,ELEC,SC,229.0,South Carolina,43481.0,South Carolina,72310.0
Gresham,ELEC,OR,21.0,Oregon,42882.0,Oregon,111634.0
Gulfport,ELEC,MS,128.0,Mississippi,34630.0,Mississippi,72228.0
Hammond,ELEC,LA,11.0,Indiana,37872.0,Indiana,76562.0
Hampton,ELEC,VA,62.0,Virginia,42845.0,Virginia,138037.0
Harlingen,ELEC,TX,17.0,Texas,34826.0,Texas,71669.0
Hartford,ELEC,CT,196.0,Connecticut,35498.0,Connecticut,120682.0
Haverhill,ELEC,MA,40.0,Massachusetts,50557.0,Massachusetts,67151.0
Hawthorne,ELEC,NV,81.0,California,40535.0,California,84564.0
Hayward,ELEC,CA,234.0,California,53171.0,California,156773.0
Hemet,ELEC,CA,10.0,California,38202.0,California,90688.0
Henderson,ELEC,NV,183.0,Nevada,50815.0,Nevada,331408.0
Hesperia,ELEC,CA,48.0,California,39369.0,California,100766.0
Hialeah,ELEC,FL,40.0,Florida,32474.0,Florida,220274.0
High point,ELEC,NC,14.0,North Carolina,41448.0,North Carolina,114339.0
Hillsboro,ELEC,OR,168.0,Oregon,56234.0,Oregon,107319.0
Hollywood,ELEC,FL,182.0,Florida,39085.0,Florida,152662.0
Homestead,ELEC,FL,47.0,Florida,37940.0,Florida,81559.0
Hoover,ELEC,AL,6.0,Alabama,58486.0,Alabama,92427.0
Houston,ELEC,TX,1424.0,Texas,40711.0,Texas,2304414.0
Huntington beach,ELEC,CA,122.0,California,64959.0,California,194306.0
Huntsville,ELEC,AL,151.0,Alabama,42391.0,Alabama,222363.0
Idaho falls,ELEC,ID,57.0,Idaho,40410.0,Idaho,67718.0
Independence,ELEC,KS,45.0,Missouri,42010.0,Missouri,121211.0
Indio,ELEC,CA,102.0,California,40704.0,California,91991.0
Inglewood,ELEC,CA,95.0,California,36652.0,California,103628.0
Iowa,ELEC,LA,16.0,Iowa,26331.0,Iowa,75231.0
Irvine,ELEC,CA,1287.0,California,76779.0,California,313705.0
Irving,ELEC,TX,149.0,Texas,44109.0,Texas,254712.0
Jackson,ELEC,MS,172.0,Mississippi,33059.0,Mississippi,146019.0
Jackson,ELEC,MS,172.0,Mississippi,33059.0,Tennessee,68381.0
Jackson,ELEC,MS,172.0,Tennessee,31933.0,Mississippi,146019.0
Jackson,ELEC,MS,172.0,Tennessee,31933.0,Tennessee,68381.0
Jacksonville,ELEC,FL,447.0,Florida,42787.0,Florida,971315.0
Jacksonville,ELEC,FL,447.0,Florida,42787.0,North Carolina,70433.0
Jacksonville,ELEC,FL,447.0,North Carolina,29725.0,Florida,971315.0
Jacksonville,ELEC,FL,447.0,North Carolina,29725.0,North Carolina,70433.0
Janesville,ELEC,WI,19.0,Wisconsin,42935.0,Wisconsin,65901.0
Johns creek,ELEC,GA,11.0,Georgia,84219.0,Georgia,82458.0
Johnson,ELEC,VT,10.0,Tennessee,31633.0,Tennessee,71444.0
Joliet,ELEC,IL,19.0,Illinois,45311.0,Illinois,147696.0
Jonesboro,ELEC,AR,32.0,Arkansas,37429.0,Arkansas,79884.0
Jurupa valley,ELEC,CA,4.0,California,37284.0,California,107603.0
Kalamazoo,ELEC,MI,72.0,Michigan,29555.0,Michigan,72883.0
Kansas,ELEC,MO,4.0,Kansas,40106.0,Kansas,152561.0
Kansas,ELEC,MO,4.0,Kansas,40106.0,Missouri,509247.0
Kansas,ELEC,MO,4.0,Missouri,45540.0,Kansas,152561.0
Kansas,ELEC,MO,4.0,Missouri,45540.0,Missouri,509247.0
Kenner,ELEC,LA,44.0,Louisiana,42769.0,Louisiana,63991.0
Kennewick,ELEC,WA,28.0,Washington,42234.0,Washington,84757.0
Kenosha,ELEC,WI,22.0,Wisconsin,42039.0,Wisconsin,98490.0
Kent,ELEC,WA,63.0,Washington,50474.0,Washington,134400.0
Killeen,ELEC,TX,19.0,Texas,31396.0,Texas,159170.0
Kirkland,ELEC,WA,99.0,Washington,86148.0,Washington,92155.0
Kissimmee,ELEC,FL,156.0,Florida,31305.0,Florida,80009.0
Knoxville,ELEC,TN,162.0,Tennessee,34146.0,Tennessee,195871.0
Lafayette,ELEC,LA,179.0,Indiana,38585.0,Indiana,72326.0
Lafayette,ELEC,LA,179.0,Indiana,38585.0,Louisiana,121367.0
Lafayette,ELEC,LA,179.0,Louisiana,40960.0,Indiana,72326.0
Lafayette,ELEC,LA,179.0,Louisiana,40960.0,Louisiana,121367.0
Lake charles,ELEC,LA,15.0,Louisiana,41140.0,Louisiana,79106.0
Lake elsinore,ELEC,CA,62.0,California,44753.0,California,71905.0
Lake forest,ELEC,IL,89.0,California,60423.0,California,85635.0
Lakeland,ELEC,FL,40.0,Florida,39129.0,Florida,120044.0
Lakeville,ELEC,MN,33.0,Minnesota,67526.0,Minnesota,74551.0
Lakewood,ELEC,CA,209.0,California,52250.0,California,79042.0
Lakewood,ELEC,CA,209.0,California,52250.0,Colorado,156114.0
Lakewood,ELEC,CA,209.0,Colorado,52382.0,California,79042.0
Lakewood,ELEC,CA,209.0,Colorado,52382.0,Colorado,156114.0
Lancaster,ELEC,MA,225.0,California,45923.0,California,169192.0
Lansing,ELEC,MI,134.0,Michigan,36601.0,Michigan,112963.0
Laredo,ELEC,TX,14.0,Texas,32312.0,Texas,254041.0
Largo,ELEC,FL,45.0,Florida,42019.0,Florida,82474.0
Las cruces,ELEC,NM,48.0,New Mexico,32030.0,New Mexico,113881.0
Las vegas,ELEC,NV,997.0,Nevada,40316.0,Nevada,656302.0
Lauderhill,ELEC,FL,4.0,Florida,35606.0,Florida,73637.0
Lawrence,ELEC,KS,77.0,Kansas,31934.0,Kansas,95784.0
Lawrence,ELEC,KS,77.0,Kansas,31934.0,Massachusetts,87952.0
Lawrence,ELEC,KS,77.0,Massachusetts,32208.0,Kansas,95784.0
Lawrence,ELEC,KS,77.0,Massachusetts,32208.0,Massachusetts,87952.0
Lawton,ELEC,OK,17.0,Oklahoma,31914.0,Oklahoma,91553.0
Layton,ELEC,UT,22.0,Utah,49782.0,Utah,82600.0
Leander,ELEC,TX,11.0,Texas,70123.0,Texas,73808.0
Lee's summit,ELEC,MO,4.0,Missouri,54388.0,Missouri,104336.0
Lehi,ELEC,UT,158.0,Utah,50105.0,Utah,84368.0
Lewisville,ELEC,TX,42.0,Texas,47755.0,Texas,130933.0
Lincoln,ELEC,RI,185.0,Nebraska,41163.0,Nebraska,292623.0
Little rock,ELEC,AR,160.0,Arkansas,41222.0,Arkansas,202851.0
Livermore,ELEC,CA,203.0,California,74427.0,California,84722.0
Livonia,ELEC,NY,52.0,Michigan,56440.0,Michigan,93786.0
Lodi,ELEC,CA,75.0,California,42155.0,California,67273.0
Long beach,ELEC,CA,538.0,California,47825.0,California,451319.0
Longmont,ELEC,CO,136.0,Colorado,48819.0,Colorado,100656.0
Longview,ELEC,TX,30.0,Texas,41781.0,Texas,83119.0
Los angeles,ELEC,CA,5240.0,California,42342.0,California,3822224.0
Loveland,ELEC,CO,89.0,Colorado,44293.0,Colorado,77890.0
Lowell,ELEC,NC,139.0,Massachusetts,44533.0,Massachusetts,113594.0
Lubbock,ELEC,TX,28.0,Texas,38118.0,Texas,263937.0
Lynchburg,ELEC,VA,25.0,Virginia,31308.0,Virginia,79287.0
Lynn,ELEC,MA,12.0,Massachusetts,37180.0,Massachusetts,100892.0
Lynwood,ELEC,CA,24.0,California,32374.0,California,64081.0
Madera,ELEC,CA,88.0,California,30333.0,California,68042.0
Madison,ELEC,WI,313.0,Wisconsin,48647.0,Wisconsin,272907.0
Malden,ELEC,MA,60.0,Massachusetts,55653.0,Massachusetts,64718.0
Manchester,ELEC,NH,128.0,New Hampshire,44836.0,New Hampshire,115141.0
Mansfield,ELEC,OH,43.0,Texas,52592.0,Texas,76586.0
Manteca,ELEC,CA,81.0,California,43937.0,California,86940.0
Maple grove,ELEC,MN,49.0,Minnesota,69620.0,Minnesota,70588.0
Maricopa,ELEC,AZ,25.0,Arizona,51913.0,Arizona,66287.0
Marysville,ELEC,CA,71.0,Washington,55436.0,Washington,72280.0
Mcallen,ELEC,TX,24.0,Texas,32793.0,Texas,144585.0
Mckinney,ELEC,TX,54.0,Texas,61493.0,Texas,207506.0
Medford,ELEC,OR,129.0,Massachusetts,67396.0,Massachusetts,65412.0
Medford,ELEC,OR,129.0,Massachusetts,67396.0,Oregon,85556.0
Medford,ELEC,OR,129.0,Oregon,38250.0,Massachusetts,65412.0
Medford,ELEC,OR,129.0,Oregon,38250.0,Oregon,85556.0
Melbourne,ELEC,FL,101.0,Florida,42444.0,Florida,86439.0
Memphis,ELEC,TN,129.0,Tennessee,38566.0,Tennessee,621050.0
Menifee,ELEC,CA,31.0,California,50565.0,California,109399.0
Merced,ELEC,CA,47.0,California,40376.0,California,91572.0
Meridian,ELEC,ID,54.0,Idaho,49587.0,Idaho,129730.0
Mesa,ELEC,AZ,149.0,Arizona,45077.0,Arizona,512523.0
Mesquite,ELEC,TX,59.0,Texas,40404.0,Texas,147723.0
Miami,ELEC,FL,1017.0,Florida,40453.0,Florida,449484.0
Miami beach,ELEC,FL,212.0,Florida,50637.0,Florida,80027.0
Miami gardens,ELEC,FL,16.0,Florida,35354.0,Florida,110491.0
Midland,ELEC,TX,30.0,Texas,51893.0,Texas,134398.0
Milpitas,ELEC,CA,200.0,California,86549.0,California,77744.0
Milwaukee,ELEC,WI,117.0,Wisconsin,39835.0,Wisconsin,563306.0
Minneapolis,ELEC,MN,262.0,Minnesota,51498.0,Minnesota,425104.0
Miramar,ELEC,FL,46.0,Florida,44401.0,Florida,137208.0
Mission,ELEC,KS,39.0,Texas,35991.0,Texas,86634.0
Mission viejo,ELEC,CA,53.0,California,63872.0,California,91775.0
Missoula,ELEC,MT,36.0,Montana,35985.0,Montana,76960.0
Missouri,ELEC,TX,8.0,Texas,52855.0,Texas,74815.0
Mobile,ELEC,AL,72.0,Alabama,36795.0,Alabama,183282.0
Modesto,ELEC,CA,95.0,California,42971.0,California,218071.0
Montgomery,ELEC,AL,146.0,Alabama,35022.0,Alabama,196986.0
Moreno valley,ELEC,CA,86.0,California,40348.0,California,211915.0
Mount vernon,ELEC,WA,37.0,New York,46210.0,New York,71717.0
Mountain view,ELEC,CA,361.0,California,123256.0,California,81058.0
Muncie,ELEC,IN,2.0,Indiana,28204.0,Indiana,65160.0
Murfreesboro,ELEC,TN,82.0,Tennessee,38834.0,Tennessee,162402.0
Murrieta,ELEC,CA,63.0,California,52808.0,California,113774.0
Nampa,ELEC,ID,22.0,Idaho,38106.0,Idaho,110932.0
Napa,ELEC,CA,259.0,California,58418.0,California,78308.0
Naperville,ELEC,IL,61.0,Illinois,74615.0,Illinois,148508.0
Nashua,ELEC,NH,31.0,New Hampshire,56234.0,New Hampshire,91162.0
New bedford,ELEC,MA,42.0,Massachusetts,40150.0,Massachusetts,100676.0
New braunfels,ELEC,TX,46.0,Texas,50331.0,Texas,98643.0
New britain,ELEC,CT,43.0,Connecticut,34383.0,Connecticut,74408.0
New haven,ELEC,CT,173.0,Connecticut,40611.0,Connecticut,138909.0
New orleans,ELEC,LA,140.0,Louisiana,41857.0,Louisiana,369749.0
New rochelle,ELEC,NY,64.0,New York,63677.0,New York,82292.0
New york,ELEC,NY,1153.0,New York,51600.0,New York,8335897.0
Newark,ELEC,DE,372.0,New Jersey,35828.0,New Jersey,305339.0
Newport beach,ELEC,CA,221.0,California,90534.0,California,83981.0
Newport news,ELEC,VA,89.0,Virginia,40416.0,Virginia,184306.0
Newton,ELEC,KS,113.0,Massachusetts,94832.0,Massachusetts,87382.0
Noblesville,ELEC,IN,10.0,Indiana,55500.0,Indiana,74262.0
Norfolk,ELEC,VA,167.0,Virginia,36897.0,Virginia,232995.0
Norman,ELEC,OK,51.0,Oklahoma,34914.0,Oklahoma,129624.0
North charleston,ELEC,SC,60.0,South Carolina,40752.0,South Carolina,118604.0
North las vegas,ELEC,NV,29.0,Nevada,41735.0,Nevada,280539.0
North port,ELEC,FL,8.0,Florida,40256.0,Florida,85102.0
North richland hills,ELEC,TX,17.0,Texas,57783.0,Texas,70666.0
Norwalk,ELEC,CT,108.0,California,41870.0,California,98537.0
Norwalk,ELEC,CT,108.0,California,41870.0,Connecticut,91381.0
Norwalk,ELEC,CT,108.0,Connecticut,50429.0,California,98537.0
Norwalk,ELEC,CT,108.0,Connecticut,50429.0,Connecticut,91381.0
Novi,ELEC,MI,45.0,Michigan,73088.0,Michigan,66375.0
O'fallon,ELEC,MO,7.0,Missouri,57424.0,Missouri,93648.0
Oakland,ELEC,CA,585.0,California,61487.0,California,430531.0
Ocala,ELEC,FL,30.0,Florida,31732.0,Florida,65498.0
Oceanside,ELEC,CA,85.0,California,44970.0,California,172190.0
Odessa,ELEC,FL,20.0,Texas,47328.0,Texas,116669.0
Ogden,ELEC,UT,68.0,Utah,40736.0,Utah,86813.0
Olathe,ELEC,KS,101.0,Kansas,54295.0,Kansas,145597.0
Omaha,ELEC,NE,184.0,Nebraska,44733.0,Nebraska,485146.0
Ontario,ELEC,CA,251.0,California,41621.0,California,179062.0
Orange,ELEC,CA,242.0,California,53368.0,California,136175.0
Orem,ELEC,UT,57.0,Utah,36275.0,Utah,95918.0
Orlando,ELEC,FL,814.0,Florida,41875.0,Florida,316086.0
Oshkosh,ELEC,WI,16.0,Wisconsin,35461.0,Wisconsin,65934.0
Overland park,ELEC,KS,327.0,Kansas,60336.0,Kansas,197747.0
Oxnard,ELEC,CA,106.0,California,37442.0,California,200437.0
Palm bay,ELEC,FL,26.0,Florida,40849.0,Florida,129246.0
Palm coast,ELEC,FL,29.0,Florida,40853.0,Florida,98411.0
Palmdale,ELEC,CA,159.0,California,45562.0,California,163455.0
Palo alto,ELEC,CA,654.0,California,116507.0,California,66021.0
Parma,ELEC,OH,6.0,Ohio,42844.0,Ohio,79356.0
Pasadena,ELEC,CA,677.0,California,61066.0,California,134214.0
Pasadena,ELEC,CA,677.0,California,61066.0,Texas,147665.0
Pasadena,ELEC,CA,677.0,Texas,36002.0,California,134214.0
Pasadena,ELEC,CA,677.0,Texas,36002.0,Texas,147665.0
Pasco,ELEC,WA,25.0,Washington,40099.0,Washington,80205.0
Passaic,ELEC,NJ,4.0,New Jersey,31013.0,New Jersey,69121.0
Pawtucket,ELEC,RI,18.0,Rhode Island,45609.0,Rhode Island,75057.0
Pearland,ELEC,TX,41.0,Texas,61014.0,Texas,127170.0
Pembroke pines,ELEC,FL,57.0,Florida,49166.0,Florida,169875.0
Peoria,ELEC,AZ,72.0,Arizona,48631.0,Arizona,197862.0
Peoria,ELEC,AZ,72.0,Arizona,48631.0,Illinois,109221.0
Peoria,ELEC,AZ,72.0,Illinois,40642.0,Arizona,197862.0
Peoria,ELEC,AZ,72.0,Illinois,40642.0,Illinois,109221.0
Perris,ELEC,CA,17.0,California,37718.0,California,80258.0
Pflugerville,ELEC,TX,38.0,Texas,58965.0,Texas,65374.0
Philadelphia,ELEC,PA,434.0,Pennsylvania,43326.0,Pennsylvania,1567258.0
Phoenix,ELEC,AZ,719.0,Arizona,45314.0,Arizona,1644403.0
Pittsburg,ELEC,KS,36.0,California,48720.0,California,77585.0
Pittsburgh,ELEC,PA,640.0,Pennsylvania,46570.0,Pennsylvania,302905.0
Plano,ELEC,TX,236.0,Texas,59457.0,Texas,290108.0
Plantation,ELEC,FL,48.0,Florida,45078.0,Florida,96046.0
Pleasanton,ELEC,CA,208.0,California,118871.0,California,76689.0
Plymouth,ELEC,NH,154.0,Minnesota,68488.0,Minnesota,78669.0
Pomona,ELEC,CA,95.0,California,36562.0,California,146015.0
Pompano beach,ELEC,FL,74.0,Florida,37263.0,Florida,112308.0
Port st. lucie,ELEC,FL,38.0,Florida,42794.0,Florida,231804.0
Portland,ELEC,OR,756.0,Maine,46812.0,Maine,68420.0
Portland,ELEC,OR,756.0,Maine,46812.0,Oregon,635296.0
Portland,ELEC,OR,756.0,Oregon,52941.0,Maine,68420.0
Portland,ELEC,OR,756.0,Oregon,52941.0,Oregon,635296.0
Portsmouth,ELEC,NH,119.0,Virginia,40633.0,Virginia,97029.0
Providence,ELEC,RI,198.0,Rhode Island,40032.0,Rhode Island,189575.0
Provo,ELEC,UT,67.0,Utah,21600.0,Utah,113516.0
Pueblo,ELEC,CO,53.0,Colorado,40270.0,Colorado,111449.0
Quincy,ELEC,MA,83.0,Massachusetts,57553.0,Massachusetts,101716.0
Racine,ELEC,WI,7.0,Wisconsin,43313.0,Wisconsin,76455.0
Raleigh,ELEC,NC,344.0,North Carolina,49465.0,North Carolina,477084.0
Rancho cordova,ELEC,CA,98.0,California,51374.0,California,80594.0
Rancho cucamonga,ELEC,CA,97.0,California,61127.0,California,176359.0
Reading,ELEC,PA,49.0,Pennsylvania,32495.0,Pennsylvania,94860.0
Redding,ELEC,CA,103.0,California,44435.0,California,92896.0
Redlands,ELEC,CA,102.0,California,49050.0,California,73853.0
Redmond,ELEC,WA,100.0,Washington,104677.0,Washington,76739.0
Redondo beach,ELEC,CA,44.0,California,89183.0,California,68908.0
Reno,ELEC,NV,279.0,Nevada,42316.0,Nevada,273447.0
Renton,ELEC,WA,136.0,Washington,57361.0,Washington,104060.0
Rialto,ELEC,CA,21.0,California,35901.0,California,103564.0
Richardson,ELEC,TX,47.0,Texas,56402.0,Texas,118830.0
Richmond,ELEC,VA,569.0,California,46001.0,California,114287.0
Richmond,ELEC,VA,569.0,California,46001.0,Virginia,229395.0
Richmond,ELEC,VA,569.0,Virginia,44259.0,California,114287.0
Richmond,ELEC,VA,569.0,Virginia,44259.0,Virginia,229395.0
Rio rancho,ELEC,NM,5.0,New Mexico,44942.0,New Mexico,108072.0
Riverside,ELEC,CA,385.0,California,40538.0,California,320785.0
Roanoke,ELEC,VA,76.0,Virginia,39619.0,Virginia,97847.0
Rochester,ELEC,NY,507.0,Minnesota,55604.0,Minnesota,121894.0
Rochester,ELEC,NY,507.0,Minnesota,55604.0,New York,209325.0
Rochester,ELEC,NY,507.0,New York,37002.0,Minnesota,121894.0
Rochester,ELEC,NY,507.0,New York,37002.0,New York,209325.0
Rochester hills,ELEC,MI,18.0,Michigan,62996.0,Michigan,75947.0
Rock hill,ELEC,SC,59.0,South Carolina,37307.0,South Carolina,75361.0
Rockford,ELEC,IL,45.0,Illinois,37290.0,Illinois,145835.0
Rocklin,ELEC,CA,77.0,California,64314.0,California,73850.0
Rockville,ELEC,MD,199.0,Maryland,63327.0,Maryland,66915.0
Rogers,ELEC,AR,19.0,Arkansas,44068.0,Arkansas,72996.0
Roseville,ELEC,CA,222.0,California,65624.0,California,154826.0
Roswell,ELEC,GA,71.0,Georgia,64497.0,Georgia,92945.0
Round rock,ELEC,TX,88.0,Texas,50140.0,Texas,124790.0
Rowlett,ELEC,TX,13.0,Texas,60454.0,Texas,65284.0
Sacramento,ELEC,CA,1259.0,California,48018.0,California,528026.0
Salem,ELEC,OR,331.0,Oregon,39754.0,Oregon,177490.0
Salinas,ELEC,CA,112.0,California,36966.0,California,161019.0
Sammamish,ELEC,WA,17.0,Washington,128496.0,Washington,65844.0
San angelo,ELEC,TX,29.0,Texas,36049.0,Texas,99871.0
San antonio,ELEC,TX,452.0,Texas,36689.0,Texas,1472904.0
San bernardino,ELEC,CA,221.0,California,33312.0,California,220314.0
San diego,ELEC,CA,2236.0,California,55578.0,California,1381182.0
San francisco,ELEC,CA,1739.0,California,87231.0,California,808437.0
San jose,ELEC,CA,1881.0,California,64640.0,California,971265.0
San leandro,ELEC,CA,127.0,California,50957.0,California,86761.0
San marcos,ELEC,TX,143.0,California,46774.0,California,94855.0
San marcos,ELEC,TX,143.0,California,46774.0,Texas,70308.0
San marcos,ELEC,TX,143.0,Texas,28454.0,California,94855.0
San marcos,ELEC,TX,143.0,Texas,28454.0,Texas,70308.0
San mateo,ELEC,CA,282.0,California,87405.0,California,100996.0
San ramon,ELEC,CA,378.0,California,105981.0,California,85959.0
Sandy,ELEC,OR,104.0,Utah,49956.0,Utah,93029.0
Sandy springs,ELEC,GA,77.0,Georgia,72316.0,Georgia,107767.0
Santa ana,ELEC,CA,191.0,California,35866.0,California,308203.0
Santa barbara,ELEC,CA,198.0,California,54459.0,California,87519.0
Santa clara,ELEC,CA,867.0,California,105434.0,California,126920.0
Santa clarita,ELEC,CA,189.0,California,59541.0,California,221362.0
Santa fe,ELEC,NM,124.0,New Mexico,40309.0,New Mexico,89001.0
Santa maria,ELEC,CA,101.0,California,31690.0,California,110124.0
Santa monica,ELEC,CA,556.0,California,76835.0,California,89951.0
Santa rosa,ELEC,CA,191.0,California,47476.0,California,177185.0
Savannah,ELEC,GA,115.0,Georgia,35649.0,Georgia,147987.0
Schenectady,ELEC,NY,236.0,New York,36299.0,New York,68810.0
Scottsdale,ELEC,AZ,455.0,Arizona,64118.0,Arizona,243027.0
Scranton,ELEC,PA,20.0,Pennsylvania,35463.0,Pennsylvania,75838.0
Seattle,ELEC,WA,1646.0,Washington,78269.0,Washington,749267.0
Shawnee,ELEC,KS,53.0,Kansas,56097.0,Kansas,69220.0
Shreveport,ELEC,LA,20.0,Louisiana,32480.0,Louisiana,179551.0
Simi valley,ELEC,CA,57.0,California,55310.0,California,124395.0
Sioux falls,ELEC,SD,50.0,South Dakota,45753.0,South Dakota,202090.0
Somerville,ELEC,NJ,102.0,Massachusetts,72442.0,Massachusetts,79761.0
South bend,ELEC,IN,32.0,Indiana,37016.0,Indiana,105984.0
South gate,ELEC,CA,16.0,California,32204.0,California,90935.0
South jordan,ELEC,UT,36.0,Utah,58307.0,Utah,83520.0
Southfield,ELEC,MI,27.0,Michigan,45876.0,Michigan,75454.0
Sparks,ELEC,NV,70.0,Nevada,42734.0,Nevada,109227.0
Spokane,ELEC,WA,181.0,Washington,42122.0,Washington,230176.0
Spokane valley,ELEC,WA,29.0,Washington,40713.0,Washington,107325.0
Springdale,ELEC,AR,75.0,Arkansas,38155.0,Arkansas,85844.0
Springfield,ELEC,IL,468.0,Illinois,43819.0,Illinois,113331.0
Springfield,ELEC,IL,468.0,Illinois,43819.0,Massachusetts,154058.0
Springfield,ELEC,IL,468.0,Illinois,43819.0,Missouri,170062.0
Springfield,ELEC,IL,468.0,Massachusetts,37551.0,Illinois,113331.0
Springfield,ELEC,IL,468.0,Massachusetts,37551.0,Massachusetts,154058.0
Springfield,ELEC,IL,468.0,Massachusetts,37551.0,Missouri,170062.0
Springfield,ELEC,IL,468.0,Missouri,32671.0,Illinois,113331.0
Springfield,ELEC,IL,468.0,Missouri,32671.0,Massachusetts,154058.0
Springfield,ELEC,IL,468.0,Missouri,32671.0,Missouri,170062.0
St. charles,ELEC,MO,35.0,Missouri,55054.0,Missouri,71190.0
St. cloud,ELEC,MN,12.0,Minnesota,36124.0,Minnesota,69813.0
St. george,ELEC,UT,45.0,Utah,40272.0,Utah,102523.0
St. joseph,ELEC,MO,22.0,Missouri,37205.0,Missouri,70682.0
St. louis,ELEC,MO,225.0,Missouri,42372.0,Missouri,286578.0
St. paul,ELEC,MN,107.0,Minnesota,44136.0,Minnesota,303160.0
St. petersburg,ELEC,FL,74.0,Florida,47005.0,Florida,261245.0
Stamford,ELEC,CT,121.0,Connecticut,56794.0,Connecticut,136197.0
Sterling heights,ELEC,MI,10.0,Michigan,46481.0,Michigan,132554.0
Stockton,ELEC,CA,240.0,California,40941.0,California,321796.0
Suffolk,ELEC,VA,9.0,Virginia,52485.0,Virginia,98537.0
Sugar land,ELEC,TX,29.0,Texas,62820.0,Texas,109395.0
Sunnyvale,ELEC,CA,592.0,California,101978.0,California,153076.0
Sunrise,ELEC,FL,39.0,Florida,42183.0,Florida,96291.0
Surprise,ELEC,AZ,38.0,Arizona,49873.0,Arizona,154194.0
Syracuse,ELEC,NY,206.0,New York,32482.0,New York,144459.0
Tacoma,ELEC,WA,300.0,Washington,54303.0,Washington,221790.0
Tallahassee,ELEC,FL,81.0,Florida,33775.0,Florida,201728.0
Tamarac,ELEC,FL,9.0,Florida,38796.0,Florida,71915.0
Tampa,ELEC,FL,544.0,Florida,46983.0,Florida,398160.0
Temecula,ELEC,CA,120.0,California,51970.0,California,111763.0
Tempe,ELEC,AZ,255.0,Arizona,43262.0,Arizona,185939.0
Temple,ELEC,TX,69.0,Texas,38578.0,Texas,89455.0
Thornton,ELEC,CO,71.0,Colorado,52192.0,Colorado,143279.0
Thousand oaks,ELEC,CA,151.0,California,65394.0,California,124257.0
Toledo,ELEC,OH,78.0,Ohio,37206.0,Ohio,266289.0
Topeka,ELEC,KS,59.0,Kansas,41346.0,Kansas,125464.0
Torrance,ELEC,CA,309.0,California,64335.0,California,141127.0
Tracy,ELEC,CA,92.0,California,52712.0,California,97328.0
Trenton,ELEC,ME,36.0,New Jersey,38592.0,New Jersey,89658.0
Troy,ELEC,MI,235.0,Michigan,66595.0,Michigan,87182.0
Tucson,ELEC,AZ,281.0,Arizona,35269.0,Arizona,546598.0
Tulare,ELEC,CA,44.0,California,36659.0,California,70690.0
Tulsa,ELEC,OK,231.0,Oklahoma,37400.0,Oklahoma,413142.0
Turlock,ELEC,CA,45.0,California,42043.0,California,72307.0
Tuscaloosa,ELEC,AL,25.0,Alabama,35651.0,Alabama,110598.0
Tustin,ELEC,CA,160.0,California,52075.0,California,78412.0
Tyler,ELEC,TX,28.0,Texas,34212.0,Texas,109277.0
Union,ELEC,SC,52.0,California,65983.0,California,67049.0
Union,ELEC,SC,52.0,California,65983.0,New Jersey,65365.0
Union,ELEC,SC,52.0,New Jersey,35231.0,California,67049.0
Union,ELEC,SC,52.0,New Jersey,35231.0,New Jersey,65365.0
Upland,ELEC,CA,11.0,California,49599.0,California,78851.0
Vacaville,ELEC,CA,173.0,California,51676.0,California,101898.0
Vallejo,ELEC,CA,153.0,California,49159.0,California,123583.0
Vancouver,ELEC,WA,155.0,Washington,46104.0,Washington,194509.0
Victoria,ELEC,TX,25.0,Texas,35639.0,Texas,65372.0
Victorville,ELEC,CA,97.0,California,40004.0,California,137224.0
Virginia beach,ELEC,VA,144.0,Virginia,48448.0,Virginia,455618.0
Visalia,ELEC,CA,78.0,California,42833.0,California,143965.0
Vista,ELEC,CA,75.0,California,43536.0,California,97766.0
Waco,ELEC,TX,29.0,Texas,33602.0,Texas,143987.0
Walnut creek,ELEC,CA,249.0,California,81222.0,California,68969.0
Warner robins,ELEC,GA,33.0,Georgia,39309.0,Georgia,81833.0
Warren,ELEC,OH,103.0,Michigan,40793.0,Michigan,137111.0
Warwick,ELEC,RI,133.0,Rhode Island,53556.0,Rhode Island,83024.0
Washington,ELEC,DC,1323.0,District of Columbia,79872.0,District of Columbia,671803.0
Waterbury,ELEC,CT,52.0,Connecticut,34911.0,Connecticut,115009.0
Waterloo,ELEC,NY,38.0,Iowa,39419.0,Iowa,66555.0
Waukegan,ELEC,IL,38.0,Illinois,38876.0,Illinois,86472.0
Waukesha,ELEC,WI,20.0,Wisconsin,49431.0,Wisconsin,70465.0
West covina,ELEC,CA,58.0,California,46204.0,California,105032.0
West des moines,ELEC,IA,21.0,Iowa,51904.0,Iowa,73965.0
West jordan,ELEC,UT,29.0,Utah,43815.0,Utah,116662.0
West palm beach,ELEC,FL,247.0,Florida,41737.0,Florida,120922.0
West valley,ELEC,NY,2.0,Utah,39302.0,Utah,136639.0
Westland,ELEC,MI,2.0,Michigan,41650.0,Michigan,84023.0
Westminster,ELEC,SC,226.0,California,40076.0,California,89399.0
Westminster,ELEC,SC,226.0,California,40076.0,Colorado,114539.0
Westminster,ELEC,SC,226.0,Colorado,60354.0,California,89399.0
Westminster,ELEC,SC,226.0,Colorado,60354.0,Colorado,114539.0
Weston,ELEC,WV,50.0,Florida,52495.0,Florida,67676.0
Whittier,ELEC,CA,83.0,California,51495.0,California,84503.0
Wichita,ELEC,KS,74.0,Kansas,39708.0,Kansas,396205.0
Wichita falls,ELEC,TX,8.0,Texas,36214.0,Texas,102659.0
Wilmington,ELEC,CA,275.0,Delaware,43133.0,Delaware,71568.0
Wilmington,ELEC,CA,275.0,Delaware,43133.0,North Carolina,120320.0
Wilmington,ELEC,CA,275.0,North Carolina,41353.0,Delaware,71568.0
Wilmington,ELEC,CA,275.0,North Carolina,41353.0,North Carolina,120320.0
Winston-salem,ELEC,NC,65.0,North Carolina,37722.0,North Carolina,251343.0
Woodbury,ELEC,NJ,19.0,Minnesota,63790.0,Minnesota,78560.0
Worcester,ELEC,MA,257.0,Massachusetts,41219.0,Massachusetts,205317.0
Wyoming,ELEC,MI,18.0,Michigan,41335.0,Michigan,76730.0
Yakima,ELEC,WA,49.0,Washington,39635.0,Washington,97017.0
Yonkers,ELEC,NY,83.0,New York,49165.0,New York,208112.0
Yorba linda,ELEC,CA,51.0,California,73631.0,California,67077.0
Yuma,ELEC,AZ,45.0,Arizona,38626.0,Arizona,98517.0
